id;subject_id;topic_name;class;created_at;updated_at;learning_system
10;8;Natural Numbers;9;2019-09-03 17:08:06;2019-09-03 17:08:06;""
11;2;Add;3;2019-09-03 17:18:15;2019-09-03 17:18:15;""
12;8;Factors;9;2019-09-04 09:50:46;2019-09-04 09:50:46;""
13;8;Divisibility Tests;9;2019-09-04 09:53:09;2019-09-04 09:53:09;""
14;8;Greatest Common Divisor;9;2019-09-04 09:58:58;2019-09-04 09:58:58;""
15;8;Least Common Multiple;9;2019-09-04 10:00:08;2019-09-04 10:00:08;""
16;8;Integers;9;2019-09-04 10:03:22;2019-09-04 10:03:22;""
17;8;Fractions;9;2019-09-04 10:10:44;2019-09-04 10:10:44;""
18;8;Decimals;9;2019-09-04 10:11:49;2019-09-04 10:11:49;""
19;8;Squares and Square Roots;9;2019-09-04 10:28:53;2019-09-04 10:28:53;""
20;8;Algebraic Expressions;9;2019-09-04 10:45:52;2019-09-04 10:45:52;""
21;8;Cubes and Cube Roots;10;2019-09-04 11:31:26;2019-09-04 11:31:26;""
22;8;Reciprocals;10;2019-09-04 11:45:26;2019-09-04 11:45:26;""
23;8;Indices and Logarithms;10;2019-09-04 11:48:39;2019-09-04 11:48:39;""
24;8;Gradient and Equations of Straight Lines;10;2019-09-04 11:54:10;2019-09-04 11:54:10;""
25;8;Reflection and Congruence;10;2019-09-04 11:59:45;2019-09-04 11:59:45;""
26;8;Rotation;10;2019-09-04 12:01:48;2019-09-04 12:01:48;""
27;8;Similarity and Enlargement;10;2019-09-04 12:06:31;2019-09-04 12:06:31;""
28;8;Pythagoras Theorem;10;2019-09-04 12:08:54;2019-09-04 12:08:54;""
29;8;Trigonometry;10;2019-09-04 12:10:56;2019-09-04 12:10:56;""
30;8;Area of a Triangle;10;2019-09-04 12:21:56;2019-09-04 12:21:56;""
31;8;Area of Quadrilaterals and other Polygons;10;2019-09-04 12:24:01;2019-09-04 12:24:01;""
32;8;Area Part of a Circle;10;2019-09-04 12:27:49;2019-09-04 12:27:49;""
33;8;Surface Area of Solids;10;2019-09-04 12:32:16;2019-09-04 12:32:16;""
34;8;Volume of Solids;10;2019-09-04 12:35:13;2019-09-04 12:35:13;""
35;8;Quadratic Expressions and Equations;10;2019-09-04 12:44:04;2019-09-04 12:44:04;""
36;9;Nouns;9;2019-09-04 12:02:22;2019-09-04 12:02:22;""
37;9;Articles;9;2019-09-04 12:06:53;2019-09-04 12:06:53;""
38;9;Pronouns;9;2019-09-04 12:08:25;2019-09-04 12:08:25;""
39;9;Verbs;9;2019-09-04 12:10:29;2019-09-04 12:10:29;""
40;9;Adjectives;9;2019-09-04 12:13:25;2019-09-04 12:13:25;""
41;9;Adverbs;9;2019-09-04 12:14:23;2019-09-04 12:14:23;""
42;9;Prepositions;9;2019-09-04 12:21:59;2019-09-04 12:21:59;""
43;9;Conjunctions;9;2019-09-04 12:23:11;2019-09-04 12:23:11;""
44;9;Phrases;9;2019-09-04 12:23:52;2019-09-04 12:23:52;""
45;9;Simple sentences;9;2019-09-04 12:24:45;2019-09-04 12:24:45;""
46;9;Pronunciation;9;2019-09-04 12:26:38;2019-09-04 12:26:38;""
47;9;Etiquette;9;2019-09-04 12:28:56;2019-09-04 12:28:56;""
48;9;Literature: Listening and responding to literary cues.;9;2019-09-04 12:43:16;2019-09-04 12:43:16;""
49;9;Writing Skills: Personal writing;9;2019-09-04 12:45:46;2019-09-04 12:45:46;""
50;9;Social writing;9;2019-09-04 12:48:13;2019-09-04 12:48:13;""
51;9;Creative writing;9;2019-09-04 12:48:56;2019-09-04 12:48:56;""
52;9;Study writing;9;2019-09-04 12:49:37;2019-09-04 12:49:37;""
53;9;Institutional writing;9;2019-09-04 12:50:37;2019-09-04 12:50:37;""
54;9;Reading Skills: Comprehension Skills;9;2019-09-04 12:52:05;2019-09-04 12:52:05;""
55;9;Nouns;10;2019-09-04 15:37:28;2019-09-04 15:37:28;""
56;9;Pronouns;10;2019-09-04 16:58:29;2019-09-04 16:58:29;""
57;9;Verbs;10;2019-09-04 17:51:56;2019-09-04 17:51:56;""
58;9;Adjectives;10;2019-09-07 09:48:25;2019-09-07 09:48:25;""
59;9;Adverbs;10;2019-09-07 09:53:37;2019-09-07 09:53:37;""
60;9;Prepositions;10;2019-09-07 10:20:28;2019-09-07 10:20:28;""
61;9;Conjunctions;10;2019-09-07 10:23:49;2019-09-07 10:23:49;""
62;9;Nouns;10;2019-09-25 11:44:37;2019-09-25 11:44:37;""
64;10;Ngeli;10;2019-09-25 16:01:43;2019-09-25 16:01:43;""
65;9;Iran War;10;2020-01-08 20:33:51;2020-01-08 20:33:51;""
83;2;Whole Numbers;6;2020-01-13 11:16:55;2020-01-13 11:16:55;""
84;2;Operations on Whole Numbers;6;2020-01-13 11:17:35;2020-01-13 11:17:35;""
85;2;Fractions;6;2020-01-13 11:18:06;2020-01-13 11:18:06;""
86;2;Decimals;6;2020-01-13 11:18:39;2020-01-13 11:18:39;""
87;2;Percentage;6;2020-01-13 11:19:09;2020-01-13 11:19:09;""
88;2;Measurements and Length;6;2020-01-13 11:20:54;2020-01-13 11:20:54;""
89;2;Area;6;2020-01-13 11:21:23;2020-01-13 11:21:23;""
90;2;Volume and Capacity;6;2020-01-13 11:21:44;2020-01-13 11:21:44;""
91;2;Mass;6;2020-01-13 11:22:08;2020-01-13 11:22:08;""
92;2;Money;6;2020-01-13 11:22:37;2020-01-13 11:22:37;""
93;2;"Graphs, Tables and Mean";6;2020-01-13 11:23:47;2020-01-13 11:23:47;""
94;2;Postal Charges;6;2020-01-13 11:24:17;2020-01-13 11:24:17;""
95;2;Time and Speed;6;2020-01-13 11:24:44;2020-01-13 11:24:44;""
96;2;Geometry;6;2020-01-13 11:25:38;2020-01-13 11:25:38;""
97;2;Scale Drawing;6;2020-01-13 11:26:31;2020-01-13 11:26:31;""
98;2;Model Making;6;2020-01-13 11:27:08;2020-01-13 11:27:08;""
99;2;Algebra;6;2020-01-13 11:27:28;2020-01-13 11:27:28;""
100;1;Nouns;7;2020-01-13 12:11:46;2020-01-13 12:11:46;""
101;1;Adjectives;7;2020-01-13 12:16:10;2020-01-13 12:16:10;""
102;6;GOD GIVEN TALENTS OR ABILITIES AND THEIR USES;7;2020-01-13 12:43:20;2020-01-13 12:43:20;""
103;6;THE SERMON ON THE MOUNT;7;2020-01-13 12:44:35;2020-01-13 12:44:35;""
104;6;ETERNAL LIFE;7;2020-01-13 12:45:30;2020-01-13 12:45:30;""
105;6;FAITH AND WORK;7;2020-01-13 12:46:07;2020-01-13 12:46:07;""
106;6;CHRISTIANS IN ACTION IN EDUCATION AND DEVELOPMENT;7;2020-01-13 12:47:33;2020-01-13 12:47:33;""
107;6;CHRISTIANS IN ACTION IN HEALTH CARE AND SOCIAL WELFARE;7;2020-01-13 12:48:41;2020-01-13 12:48:41;""
108;6;FRIENDSHIP AND LOVE;7;2020-01-13 12:50:06;2020-01-13 12:50:06;""
109;3;Reproduction in Human Beings;8;2020-01-14 15:45:21;2020-01-14 15:45:21;""
110;3;The Excretory System;8;2020-01-14 15:45:47;2020-01-14 15:45:47;""
111;3;Sexually Transmitted Diseases;8;2020-01-14 15:46:09;2020-01-14 15:46:09;""
112;6;CIVIL RESPONSIBILITY;7;2020-01-16 10:55:10;2020-01-16 10:55:10;""
113;6;PURPOSE FOR EVERY CHILD;7;2020-01-16 10:56:55;2020-01-16 10:56:55;""
114;4;Ngeli;6;2020-01-16 11:09:49;2020-01-16 11:09:49;""
115;4;Vivumishi;6;2020-01-16 12:35:47;2020-01-16 12:35:47;""
116;4;Virejeshi;6;2020-01-16 12:46:13;2020-01-16 12:46:13;""
117;4;Mnyambuliko wa Vitenzi;6;2020-01-16 13:02:02;2020-01-16 13:02:02;""
118;4;Viulizi;6;2020-01-16 13:11:34;2020-01-16 13:11:34;""
119;4;Kuunda Vitenzi Kutokana na Nomino;6;2020-01-16 13:21:37;2020-01-16 13:21:37;""
120;4;"Matumizi ya ‘kina’, ‘akina’ na ‘karibu’";6;2020-01-16 13:26:55;2020-01-16 13:26:55;""
121;4;Kiambishi 'ki' cha masharti;6;2020-01-16 13:43:21;2020-01-16 13:43:21;""
122;4;Usemi halisi/taarifa;6;2020-01-16 13:45:45;2020-01-16 13:45:45;""
123;4;Alama za Uakifishaji;6;2020-01-16 13:49:48;2020-01-16 13:49:48;""
124;4;Uundaji wa Nomino kutokana na Nomino;6;2020-01-16 14:00:35;2020-01-16 14:00:35;""
125;4;Nomino kutokana na Sifa;6;2020-01-16 14:03:13;2020-01-16 14:03:13;""
126;4;"Matumizi ya 'Ni bora', 'Ni heri', 'Afadhali'";6;2020-01-16 14:06:25;2020-01-16 14:06:25;""
127;4;Kiambishi ‘To’ cha kukanusha;6;2020-01-16 14:09:18;2020-01-16 14:09:18;""
128;1;Adjectives;6;2020-01-21 11:36:27;2020-01-21 11:36:27;""
129;6;Creation;6;2020-01-22 12:30:30;2020-01-22 12:30:30;""
130;6;New Life In The Community;6;2020-01-22 12:32:05;2020-01-22 12:32:05;""
131;3;Reproductive System;6;2020-01-23 16:01:25;2020-01-23 16:01:25;""
132;3;Changes During Adolescence;6;2020-01-23 16:01:45;2020-01-23 16:01:45;""
133;3;Common Communicable Diseases;6;2020-01-23 16:02:21;2020-01-23 16:02:21;""
134;3;Immunizable Diseases;6;2020-01-23 16:02:40;2020-01-23 16:02:40;""
135;3;HIV/AIDS;6;2020-01-23 16:03:03;2020-01-23 16:03:03;""
136;3;Plants;6;2020-01-23 16:03:35;2020-01-23 16:03:35;""
137;6;Breaking The Bread;6;2020-01-24 13:42:05;2020-01-24 13:42:05;""
138;6;Christians Supporting People With Special Needs;6;2020-01-24 13:45:05;2020-01-24 13:45:05;""
139;6;Living A Responsible Life;6;2020-01-24 13:46:23;2020-01-24 13:46:23;""
140;6;Being Led By The Holy Spirit;6;2020-01-24 13:51:24;2020-01-24 13:51:24;""
141;6;God's People Come Together;6;2020-01-24 13:52:39;2020-01-24 13:52:39;""
142;6;Dignity Of Work;6;2020-01-24 13:53:03;2020-01-24 13:53:03;""
143;6;The Hope Of The World;6;2020-01-24 14:05:21;2020-01-24 14:05:21;""
144;6;God's Help And Self Help;8;2020-01-27 15:19:09;2020-01-27 15:19:09;""
145;3;Control Measures Of HIV;8;2020-02-06 05:00:19;2020-02-06 05:00:19;""
146;2;Whole Numbers;7;2020-02-06 14:59:37;2020-02-06 14:59:37;""
147;2;Fractions;7;2020-02-06 15:00:04;2020-02-06 15:00:04;""
148;2;Decimals;7;2020-02-06 15:00:28;2020-02-06 15:00:28;""
149;2;Percentages;7;2020-02-06 15:00:55;2020-02-06 15:00:55;""
150;2;Area;7;2020-02-06 15:01:20;2020-02-06 15:01:20;""
151;2;Volume;7;2020-02-06 15:01:43;2020-02-06 15:01:43;""
152;2;Capacity;7;2020-02-06 15:02:09;2020-02-06 15:02:09;""
153;2;Mass;7;2020-02-06 15:02:26;2020-02-06 15:02:26;""
154;2;Money;7;2020-02-06 15:02:45;2020-02-06 15:02:45;""
155;2;Postal Charges;7;2020-02-06 15:03:13;2020-02-06 15:03:13;""
156;2;Time;7;2020-02-06 15:03:32;2020-02-06 15:03:32;""
157;2;Speed;7;2020-02-06 15:03:53;2020-02-06 15:03:53;""
158;2;Temperature;7;2020-02-06 15:04:21;2020-02-06 15:04:21;""
159;2;Geometry;7;2020-02-06 15:04:41;2020-02-06 15:04:41;""
160;2;Algebra;7;2020-02-06 15:05:12;2020-02-06 15:05:12;""
161;2;Tables And Graphs;7;2020-02-06 15:05:46;2020-02-06 15:05:46;""
162;2;Scale Drawing;7;2020-02-06 15:06:04;2020-02-06 15:06:04;""
163;2;Ratio And Proportaion;7;2020-02-06 15:06:52;2020-02-06 15:06:52;""
164;1;Nouns;8;2020-02-06 17:01:09;2020-02-06 17:01:09;""
165;6;Christianity And Traditional Africans Heritage;8;2020-02-11 11:35:12;2020-02-11 11:35:12;""
166;6;Jesus Christ Over Victory Over Pain And Suffering;8;2020-02-11 11:35:51;2020-02-11 11:35:51;""
167;6;Living The Christian Faith;8;2020-02-11 11:36:22;2020-02-11 11:36:22;""
168;6;Leisure;8;2020-02-11 12:08:06;2020-02-11 12:08:06;""
169;1;Pronouns;8;2020-02-12 12:53:37;2020-02-12 12:53:37;""
170;1;Prepositions;8;2020-02-12 13:12:27;2020-02-12 13:12:27;""
171;1;Verbs;8;2020-02-12 13:15:02;2020-02-12 13:15:02;""
172;1;Adverbs;8;2020-02-12 13:32:01;2020-02-12 13:32:01;""
173;3;Adaptation Of Plants To Their Environment;8;2020-02-13 14:15:11;2020-02-13 14:15:11;""
174;3;Crop Diseases;8;2020-02-13 14:17:11;2020-02-13 14:17:11;""
175;3;Adaptation Of Animals;8;2020-02-13 14:17:49;2020-02-13 14:17:49;""
176;3;Livestock Diseases;8;2020-02-13 14:18:11;2020-02-13 14:18:11;""
177;3;Soft And Hard Water;8;2020-02-13 14:18:31;2020-02-13 14:18:31;""
185;3;Soil Pollution;8;2020-02-13 15:38:01;2020-02-13 15:38:01;""
186;3;Soil Conservation;8;2020-02-13 15:38:15;2020-02-13 15:38:15;""
187;3;Air Pollution;8;2020-02-13 15:38:24;2020-02-13 15:38:24;""
188;3;Nutritional Requirements For Special Groups;8;2020-02-13 15:38:38;2020-02-13 15:38:38;""
189;3;Food Poisoning;8;2020-02-13 15:38:49;2020-02-13 15:38:49;""
190;3;Meaning Of Energy;8;2020-02-13 15:39:00;2020-02-13 15:39:00;""
191;3;Transformation Of Energy;8;2020-02-13 15:39:17;2020-02-13 15:39:17;""
192;3;Methods Of Conserving Energy;8;2020-02-13 15:39:31;2020-02-13 15:39:31;""
193;3;Simple Machines;8;2020-02-13 15:40:06;2020-02-13 15:40:06;""
194;1;Adjectives;8;2020-02-15 13:58:34;2020-02-15 13:58:34;""
195;1;Conjunctions;8;2020-02-15 13:59:24;2020-02-15 13:59:24;""
196;1;Interjections;8;2020-02-15 14:00:24;2020-02-15 14:00:24;""
197;1;Present Tense;8;2020-02-15 14:33:34;2020-02-15 14:33:34;""
198;1;Past Tense;8;2020-02-15 14:34:10;2020-02-15 14:34:10;""
199;1;Future Tense;8;2020-02-15 14:34:38;2020-02-15 14:34:38;""
200;1;Direct And Indirect Speech;8;2020-02-15 15:19:46;2020-02-15 15:19:46;""
201;1;Phrasal Verbs;8;2020-02-15 15:20:59;2020-02-15 15:20:59;""
202;1;Active And Passive Voice;8;2020-02-15 15:31:31;2020-02-15 15:31:31;""
203;1;Question Tags;8;2020-02-15 15:49:55;2020-02-15 15:49:55;""
204;1;Subject Verb Agreement;8;2020-02-15 16:04:52;2020-02-15 16:04:52;""
205;1;Determiners;8;2020-02-15 16:19:59;2020-02-15 16:19:59;""
206;1;Interrogative And Short Responses;8;2020-02-15 16:20:21;2020-02-15 16:20:21;""
207;1;Conditional Sentences;8;2020-02-15 16:23:30;2020-02-15 16:23:30;""
208;1;Punctuation Marks;8;2020-02-15 16:40:04;2020-02-15 16:40:04;""
209;1;Modal Verbs;8;2020-02-15 16:45:26;2020-02-15 16:45:26;""
210;1;Prefixes And Suffixes;8;2020-02-15 17:05:21;2020-02-15 17:05:21;""
211;1;Synonyms And Antonyms;8;2020-02-15 17:08:11;2020-02-15 17:08:11;""
212;1;Proverbs;8;2020-02-15 17:08:43;2020-02-15 17:08:43;""
213;1;Similes;8;2020-02-15 17:21:48;2020-02-15 17:21:48;""
214;1;Correlatives;8;2020-02-15 17:22:23;2020-02-15 17:22:23;""
215;5;Map Reading And Interpretation;8;2020-02-19 15:43:19;2020-02-19 15:43:19;""
216;5;Physical Features;8;2020-02-19 15:43:41;2020-02-19 15:43:41;""
217;5;Climate;8;2020-02-19 15:43:55;2020-02-19 15:43:55;""
218;5;Soil;8;2020-02-19 15:44:09;2020-02-19 15:44:09;""
219;5;Theories Of Human Origin;8;2020-02-19 15:44:26;2020-02-19 15:44:26;""
220;5;Stages Of Human Evolution During The Stone Age Period;8;2020-02-19 15:44:48;2020-02-19 15:44:48;""
221;5;Pre Historic Sites In Eastern Africa And Other Locations;8;2020-02-19 15:45:02;2020-02-19 15:45:02;""
222;5;Migration;8;2020-02-19 15:45:17;2020-02-19 15:45:17;""
223;5;Population Growth;8;2020-02-19 15:45:33;2020-02-19 15:45:33;""
224;5;Population Of Kenya;8;2020-02-19 15:45:48;2020-02-19 15:45:48;""
225;5;The Family;8;2020-02-19 15:46:05;2020-02-19 15:46:05;""
226;5;The School;8;2020-02-19 15:46:21;2020-02-19 15:46:21;""
227;5;Agriculture;8;2020-02-19 15:46:40;2020-02-19 15:46:40;""
232;5;Mining;8;2020-02-19 15:48:26;2020-02-19 15:48:26;""
233;5;Forestry;8;2020-02-19 15:48:41;2020-02-19 15:48:41;""
234;5;Wildlife And Tourism;8;2020-02-19 15:48:57;2020-02-19 15:48:57;""
235;5;Industries;8;2020-02-19 15:49:12;2020-02-19 15:49:12;""
236;5;Urbanization;8;2020-02-19 15:49:27;2020-02-19 15:49:27;""
237;5;Transport And Communication;8;2020-02-19 15:49:41;2020-02-19 15:49:41;""
238;5;Trade;8;2020-02-19 15:49:56;2020-02-19 15:49:56;""
239;5;Activities Of Early Political Associations In Kenya Up To 1959;8;2020-02-19 15:50:15;2020-02-19 15:50:15;""
240;5;The Legislation Council (legco);8;2020-02-19 15:50:30;2020-02-19 15:50:30;""
241;5;Struggle For Independence In Kenya;8;2020-02-19 15:50:46;2020-02-19 15:50:46;""
242;5;Attainment For Indepence;8;2020-02-19 15:51:00;2020-02-19 15:51:00;""
243;5;Political Developments In Kenya Since 1963;8;2020-02-19 15:51:14;2020-02-19 15:51:14;""
244;5;Contribution Of Prominent Kenyans;8;2020-02-19 15:51:29;2020-02-19 15:51:29;""
245;5;International Cooperation;8;2020-02-19 15:51:47;2020-02-19 15:51:47;""
246;5;Ways Of Becoming A Kenyan Citizen or Losing Kenyan Citizenship;8;2020-02-19 15:52:06;2020-02-19 15:52:06;""
248;5;Role Of Political Parties In Democracy;8;2020-02-19 15:52:42;2020-02-19 15:52:42;""
249;5;Benefits Of Democracy;8;2020-02-19 15:54:25;2020-02-19 15:54:25;""
250;5;The Bill Of Rights;8;2020-02-19 15:54:55;2020-02-19 15:54:55;""
252;5;Symbols Of National Unity;8;2020-02-19 15:59:40;2020-02-19 15:59:40;""
253;5;Factors That Promote National Unity;8;2020-02-19 16:00:13;2020-02-19 16:00:13;""
255;5;Formation Of A Government;8;2020-02-19 16:01:52;2020-02-19 16:01:52;""
256;5;The Arms Of Government;8;2020-02-19 16:04:31;2020-02-19 16:04:31;""
257;5;Sources Of Government Revenue;8;2020-02-19 16:05:54;2020-02-19 16:05:54;""
258;5;Forms Of Government Expenditure;8;2020-02-19 16:06:29;2020-02-19 16:06:29;""
259;5;Local Authorities;8;2020-02-19 16:07:13;2020-02-19 16:07:13;""
260;5;National Security;8;2020-02-19 16:07:39;2020-02-19 16:07:39;""
261;6;Social Problems And Christian Values;8;2020-02-19 18:25:53;2020-02-19 18:25:53;""
262;6;Jesus Frees And Commands;8;2020-02-19 18:26:36;2020-02-19 18:26:36;""
263;6;"The Family, Love And Marriage";8;2020-02-19 19:15:22;2020-02-19 19:15:22;""
264;6;Responding To Christ's Call;8;2020-02-19 19:20:16;2020-02-19 19:20:16;""
265;3;Circulatory System;7;2020-02-20 08:24:49;2020-02-20 08:24:49;""
266;3;Drug Abuse;7;2020-02-20 08:25:21;2020-02-20 08:25:21;""
267;3;HIV/AIDS;7;2020-02-20 08:33:41;2020-02-20 08:33:41;""
268;3;Environment;7;2020-02-20 08:35:30;2020-02-20 08:35:30;""
269;3;Interdependence;7;2020-02-20 08:35:54;2020-02-20 08:35:54;""
270;3;Food Chain;7;2020-02-20 08:36:13;2020-02-20 08:36:13;""
271;3;Crop Pests;7;2020-02-20 08:36:36;2020-02-20 08:36:36;""
272;3;Parasites;7;2020-02-20 08:37:02;2020-02-20 08:37:02;""
273;3;Water Pollution;7;2020-02-20 08:40:25;2020-02-20 08:40:25;""
274;3;Soil Fertility;7;2020-02-20 08:40:45;2020-02-20 08:40:45;""
275;3;Electricity;7;2020-02-20 08:41:11;2020-02-20 08:41:11;""
276;3;Bad And Good Conductors Of Electricity;7;2020-02-20 08:41:37;2020-02-20 08:41:37;""
277;3;Properties Of Matter;7;2020-02-20 08:42:59;2020-02-20 08:42:59;""
278;3;Friction;7;2020-02-20 08:44:27;2020-02-20 08:44:27;""
279;3;Levers;7;2020-02-20 08:44:43;2020-02-20 08:44:43;""
280;3;Weather And The Solar System;6;2020-02-20 09:19:03;2020-02-20 09:19:03;""
281;3;Animals;6;2020-02-20 09:19:28;2020-02-20 09:19:28;""
282;3;Water Borne Diseases;6;2020-02-20 09:19:51;2020-02-20 09:19:51;""
283;3;Soil;6;2020-02-20 09:20:10;2020-02-20 09:20:10;""
284;3;Foods And Nutrition;6;2020-02-20 09:20:46;2020-02-20 09:20:46;""
285;3;Energy - Light;6;2020-02-20 09:21:11;2020-02-20 09:21:11;""
286;3;Properties Of Matter;6;2020-02-20 09:21:29;2020-02-20 09:21:29;""
287;3;Making Work Easier;6;2020-02-20 09:21:50;2020-02-20 09:21:50;""
288;2;Numbers;8;2020-02-20 11:18:24;2020-02-20 11:18:24;""
289;2;Fractions;8;2020-02-20 11:18:46;2020-02-20 11:18:46;""
290;2;Decimals;8;2020-02-20 11:19:01;2020-02-20 11:19:01;""
291;2;Algebra;8;2020-02-20 11:19:14;2020-02-20 11:19:14;""
292;2;Geometry;8;2020-02-20 11:19:29;2020-02-20 11:19:29;""
293;2;"Length, Perimeter & Area";8;2020-02-20 11:20:03;2020-02-20 11:20:03;""
294;2;"Volume, Capacity & Mass";8;2020-02-20 11:20:34;2020-02-20 11:20:34;""
295;2;"Time, Speed, Distance & Temperature";8;2020-02-20 11:21:11;2020-02-20 11:21:11;""
296;2;Money;8;2020-02-20 11:21:25;2020-02-20 11:21:25;""
297;2;"Averages, Tables & Graphs";8;2020-02-20 11:22:00;2020-02-20 11:22:00;""
298;2;"Scale Drawing, Ratio & Proportion";8;2020-02-20 11:22:49;2020-02-20 11:22:49;""
299;1;Adverbs;7;2020-02-20 13:44:53;2020-02-20 13:44:53;""
300;1;Prepositions;7;2020-02-20 14:06:52;2020-02-20 14:06:52;""
301;1;Conjunctions;7;2020-02-20 14:07:47;2020-02-20 14:07:47;""
302;1;Tenses;7;2020-02-20 14:24:18;2020-02-20 14:24:18;""
303;1;Conditional Sentences;7;2020-02-20 15:00:20;2020-02-20 15:00:20;""
304;1;Phrasal Verbs;7;2020-02-20 15:01:43;2020-02-20 15:01:43;""
305;1;Correct Usage Of Some Confusing Words;7;2020-02-20 15:44:54;2020-02-20 15:44:54;""
306;1;Punctuation;7;2020-02-20 15:54:30;2020-02-20 15:54:30;""
307;1;Direct And Indirect Speech;7;2020-02-20 15:57:25;2020-02-20 15:57:25;""
308;1;Question Tags;7;2020-02-20 16:29:16;2020-02-20 16:29:16;""
309;1;Use Of 'too Many' + Nominal + For + Nominal + To + Verb;6;2020-02-21 15:42:49;2020-02-21 15:42:49;""
310;1;Use Of Indirect Objects As Subject Of The Passive With 'give'/ 'send'/ 'show' / 'offer'/ 'promise';6;2020-02-21 16:27:19;2020-02-21 16:27:19;""
311;1;The Use Of Hear/ See/ Want/ Have/ Get/ Would Like + Noun + Past Participle.;6;2020-02-21 17:46:59;2020-02-21 17:46:59;""
312;1;Use Of Clauses Joined With 'although';6;2020-02-21 18:30:45;2020-02-21 18:30:45;""
313;5;The Physical Environment;6;2020-02-24 16:08:44;2020-02-24 16:08:44;""
314;5;People And Population;6;2020-02-24 16:09:12;2020-02-24 16:09:12;""
315;5;Social Relations And Cultural Activities;6;2020-02-24 16:09:55;2020-02-24 16:09:55;""
316;5;Resources And Economic Activities;6;2020-02-24 16:10:38;2020-02-24 16:10:38;""
317;5;Political Development And Systems;6;2020-02-24 16:11:18;2020-02-24 16:11:18;""
318;5;Citizenship;6;2020-02-24 16:11:44;2020-02-24 16:11:44;""
319;5;Democracy And Human Rights;6;2020-02-24 16:12:25;2020-02-24 16:12:25;""
320;5;"Law, Peace And Conflict Resolution";6;2020-02-24 16:13:16;2020-02-24 16:13:16;""
321;5;The Government Of Kenya;6;2020-02-24 16:13:49;2020-02-24 16:13:49;""
322;1;Affixes (Prefixes And Suffixes);7;2020-02-25 11:38:12;2020-02-25 11:38:12;""
323;1;Synonyms;7;2020-02-25 12:02:11;2020-02-25 12:02:11;""
324;1;Antonyms;7;2020-02-25 12:07:33;2020-02-25 12:07:33;""
325;5;Location;7;2020-02-26 12:46:07;2020-02-26 12:46:07;""
326;5;Physical Features;7;2020-02-26 12:46:38;2020-02-26 12:46:38;""
327;5;Climate;7;2020-02-26 12:46:59;2020-02-26 12:46:59;""
328;5;Vegetation;7;2020-02-26 12:47:22;2020-02-26 12:47:22;""
329;5;People And Population;7;2020-02-26 12:47:38;2020-02-26 12:47:38;""
330;5;Social Relation And Cultural Activities;7;2020-02-26 12:47:59;2020-02-26 12:47:59;""
331;5;Agriculture;7;2020-02-26 12:48:15;2020-02-26 12:48:15;""
332;5;Multi Purpose River Projects;7;2020-02-26 12:48:30;2020-02-26 12:48:30;""
333;5;Forestry;7;2020-02-26 12:48:51;2020-02-26 12:48:51;""
334;5;Mining;7;2020-02-26 12:49:10;2020-02-26 12:49:10;""
335;5;Industrial Development;7;2020-02-26 12:49:29;2020-02-26 12:49:29;""
336;5;Fishing;7;2020-02-26 12:49:45;2020-02-26 12:49:45;""
345;5;Trade;7;2020-02-26 13:19:57;2020-02-26 13:19:57;""
346;5;Transport And Communication;7;2020-02-26 09:50:29;2020-02-26 09:50:29;""
347;5;Tourism;7;2020-02-26 09:50:44;2020-02-26 09:50:44;""
348;5;Urbanization;7;2020-02-26 09:50:58;2020-02-26 09:50:58;""
349;5;Political Development And Systems;7;2020-02-26 09:51:16;2020-02-26 09:51:16;""
350;5;Citizenship;7;2020-02-26 09:51:40;2020-02-26 09:51:40;""
351;5;Democracy And Human Rights;7;2020-02-26 09:52:03;2020-02-26 09:52:03;""
352;5;"Law, Peace And Conflict Resolution";7;2020-02-26 09:52:21;2020-02-26 09:52:21;""
353;5;Government Of Kenya;7;2020-02-26 09:52:34;2020-02-26 09:52:34;""
354;4;Ngeli;8;2020-03-02 11:47:16;2020-03-02 11:47:16;""
355;4;Nomino;8;2020-03-02 14:41:01;2020-03-02 14:41:01;""
356;4;Vivumishi;8;2020-03-02 22:13:38;2020-03-02 22:13:38;""
357;4;Viwakilishi;8;2020-03-02 23:57:59;2020-03-02 23:57:59;""
358;4;Vitenzi;8;2020-03-03 00:17:56;2020-03-03 00:17:56;""
359;4;Vielezi;8;2020-03-03 00:34:07;2020-03-03 00:34:07;""
360;4;Uundaji Wa Maneno;8;2020-03-08 14:44:07;2020-03-08 14:44:07;""
361;4;Viunganishi;8;2020-03-08 14:57:19;2020-03-08 14:57:19;""
362;4;Vihusishi;8;2020-03-08 15:28:23;2020-03-08 15:28:23;""
363;4;Vihisishi;8;2020-03-08 15:42:08;2020-03-08 15:42:08;""
364;4;Nyakati Katika Matokeo Mbalimbali;8;2020-03-08 15:52:40;2020-03-08 15:52:40;""
365;4;Matumizi Ya Viambishi Vya Maneno Maalum;8;2020-03-08 16:24:41;2020-03-08 16:24:41;""
366;4;Mnyambuliko Wa Vitenzi;8;2020-03-08 17:03:32;2020-03-08 17:03:32;""
367;4;Ukubwa Na Udogo;8;2020-03-08 17:09:29;2020-03-08 17:09:29;""
368;4;Nomino Katika Hali Ya Udogo;8;2020-03-08 17:17:37;2020-03-08 17:17:37;""
369;4;Usemi Halisi/taarifa;8;2020-03-08 17:36:00;2020-03-08 17:36:00;""
370;4;Fani Na Tamathali Za Lugha;8;2020-03-08 17:48:24;2020-03-08 17:48:24;""
371;4;"Maamkuzi, Adabu, Heshima";8;2020-03-08 18:03:09;2020-03-08 18:03:09;""
372;4;Msamiati;8;2020-03-08 18:26:58;2020-03-08 18:26:58;""
373;4;Ufahamu;8;2020-03-08 19:15:14;2020-03-08 19:15:14;""
374;4;Ushairi;8;2020-03-15 12:29:04;2020-03-15 12:29:04;""
375;4;Insha Tendeti;8;2020-03-15 12:53:06;2020-03-15 12:53:06;""
376;4;Ngeli;7;2020-03-15 13:09:49;2020-03-15 13:09:49;""
377;1;Use Of 'whenever' As A Conjunction;6;2020-03-17 21:11:13;2020-03-17 21:11:13;""
378;1;Direct Speech;6;2020-03-17 21:15:18;2020-03-17 21:15:18;""
379;1;Use Of 'show' + Nominal + How/ Where/ What To;6;2020-03-17 21:17:31;2020-03-17 21:17:31;""
380;1;The Use Of Interrogatives With What/ Who;6;2020-03-18 17:33:31;2020-03-18 17:33:31;""
381;1;Adverbs;6;2020-03-18 17:34:23;2020-03-18 17:34:23;""
382;1;Pronouns;6;2020-03-18 17:35:07;2020-03-18 17:35:07;""
383;1;Past Continuous And Past Simple Tense;6;2020-03-18 17:36:28;2020-03-18 17:36:28;""
384;1;Use Of Either + Or;6;2020-03-18 17:36:56;2020-03-18 17:36:56;""
385;1;The Use Of Get/ Remind/ Allow/ Encourage + Nominal + Infinitive;6;2020-03-18 18:49:45;2020-03-18 18:49:45;""
386;1;"Question Tags With Present Continuous, Present Simple, Past And Future Tense";6;2020-03-18 18:59:36;2020-03-18 18:59:36;""
387;1;Use Of Exclamation Marks;6;2020-03-18 19:00:16;2020-03-18 19:00:16;""
388;1;The Contrastive Use Of 'keep' And 'put';6;2020-03-18 19:29:01;2020-03-18 19:29:01;""
389;1;The Use Of Clauses As Noun Qualifiers;6;2020-03-20 10:55:32;2020-03-20 10:55:32;""
390;1;The Use Of 'really'/ 'quite'/ 'rather' With Adjectives;6;2020-03-20 10:56:11;2020-03-20 10:56:11;""
391;1;"The Use Of 'likely', 'certainly', 'unlikely', 'unlucky'/ Lucky'";6;2020-03-20 10:56:52;2020-03-20 10:56:52;""
392;1;"Words Containing Silent Consonants (l, B, W, H, K, Gh)";6;2020-03-20 10:57:37;2020-03-20 10:57:37;""
393;1;Use Of The Compound Adjectives Formed With Noun +ed;6;2020-03-20 12:24:18;2020-03-20 12:24:18;""
394;1;Omission Of Silent 'e' Before 'ed' And '-ing';6;2020-03-20 12:24:50;2020-03-20 12:24:50;""
395;1;The Use Of 'whose' As A Relative Pronoun;6;2020-03-20 13:16:15;2020-03-20 13:16:15;""
396;1;Contrastive Use Of Think And Hope;6;2020-03-20 13:20:18;2020-03-20 13:20:18;""
397;1;The Use Of Verb 'be';6;2020-03-20 13:34:54;2020-03-20 13:34:54;""
398;1;The Use Of 'make Someone To Do Something' In The Present And Past Simple Passive.;6;2020-03-20 13:53:01;2020-03-20 13:53:01;""
399;1;The Use Of Understand/ See/ Where/ What/ Why/ How + Clause;6;2020-03-20 15:19:07;2020-03-20 15:19:07;""
400;1;Comparative And Superlative Adjectives;6;2020-03-20 15:28:58;2020-03-20 15:28:58;""
401;1;Order Of Adjectives;6;2020-03-20 15:29:20;2020-03-20 15:29:20;""
402;1;"Use Of Full Stops, Question Marks, And Capital Letters For Sentence Division";6;2020-03-20 15:29:51;2020-03-20 15:29:51;""
403;1;Use Of 'would' In Questions And Answers;6;2020-03-20 15:30:30;2020-03-20 15:30:30;""
404;1;Spelling Rules;6;2020-03-20 15:31:00;2020-03-20 15:31:00;""
405;1;Figurative Language;6;2020-03-20 16:42:14;2020-03-20 16:42:14;""
406;1;Gender;6;2020-03-20 16:48:17;2020-03-20 16:48:17;""
407;4;Vivumishi;7;2020-03-22 13:04:58;2020-03-22 13:04:58;""
408;1;Sounds;6;2020-03-25 15:39:01;2020-03-25 15:39:01;""
409;1;Opposites;6;2020-03-25 15:39:50;2020-03-25 15:39:50;""
410;1;Synonyms;6;2020-03-25 15:42:31;2020-03-25 15:42:31;""
411;1;Composition  Writing;6;2020-03-25 17:59:21;2020-03-25 17:59:21;""
412;1;Homophones;7;2020-03-30 12:54:17;2020-03-30 12:54:17;""
413;1;Paragraphing;7;2020-03-30 13:04:34;2020-03-30 13:04:34;""
414;1;Interpretation Of Information;7;2020-03-30 13:31:31;2020-03-30 13:31:31;""
417;6;The 7 Beatitudes;11;2020-04-10 13:11:29;2020-04-10 13:11:29;""
471;10;Lugha;9;2020-04-27 12:18:32;2020-04-27 12:18:32;""
472;10;Aina Za Maneno;9;2020-04-27 12:20:06;2020-04-27 12:20:06;""
473;10;Ngeli Za Nomino;9;2020-04-27 12:21:09;2020-04-27 12:21:09;""
474;10;Viambishi;9;2020-04-27 12:25:09;2020-04-27 12:25:09;""
475;10;Nyakati Na Hali;9;2020-04-27 12:26:03;2020-04-27 12:26:03;""
476;10;Mnyambuliko Wa Vitenzi;9;2020-04-27 12:27:46;2020-04-27 12:27:46;""
477;10;Sentensi Ya Kiswahili;9;2020-04-27 12:29:13;2020-04-27 12:29:13;""
478;10;Uakifishaji;9;2020-04-27 12:29:55;2020-04-27 12:29:55;""
479;10;Ukubwa Na Udogo;9;2020-04-27 12:30:55;2020-04-27 12:30:55;""
480;10;Umoja Na Wingi;9;2020-04-27 12:31:42;2020-04-27 12:31:42;""
481;10;Kusoma Kwa Sauti;9;2020-04-27 12:32:26;2020-04-27 12:32:26;""
482;10;Kusoma Kwa Ufahamu;9;2020-04-27 12:33:07;2020-04-27 12:33:07;""
483;10;Kusoma Kwa Kina;9;2020-04-27 12:33:52;2020-04-27 12:33:52;""
484;10;Uandishi Wa Kawaida;9;2020-04-27 12:37:17;2020-04-27 12:37:17;""
485;10;Utungaji Wa Kiuamilifu;9;2020-04-27 12:38:04;2020-04-27 12:38:04;""
486;10;Uandishi Wa Insha;9;2020-04-27 12:41:51;2020-04-27 12:41:51;""
487;10;Utungaji Wa Kisanii;9;2020-04-27 12:42:29;2020-04-27 12:42:29;""
488;10;Aina Za Maneno;10;2020-04-27 13:06:27;2020-04-27 13:06:27;""
489;10;Vivumishi;10;2020-04-27 13:07:28;2020-04-27 13:07:28;""
490;10;Vitenzi;10;2020-04-27 13:08:05;2020-04-27 13:08:05;""
491;10;Viwakilishi;10;2020-04-27 13:09:19;2020-04-27 13:09:19;""
492;10;Vielezi;10;2020-04-27 13:10:00;2020-04-27 13:10:00;""
493;10;Vinyume;10;2020-04-27 13:10:46;2020-04-27 13:10:46;""
494;10;Nyakati Na Hali;10;2020-04-27 13:11:32;2020-04-27 13:11:32;""
495;10;Sentensi Ya Kiswahili;10;2020-04-27 13:12:18;2020-04-27 13:12:18;""
496;10;Mnyambuliko Wa Vitenzi;10;2020-04-27 13:12:55;2020-04-27 13:12:55;""
497;10;Uakifishaji;10;2020-04-27 13:13:37;2020-04-27 13:13:37;""
498;10;Usemi Halisi Na Usemi Wa Taarifa;10;2020-04-27 13:14:11;2020-04-27 13:14:11;""
499;10;Uundaji Wa Maneno;10;2020-04-27 13:14:49;2020-04-27 13:14:49;""
500;10;Ukubwa Na Udogo;10;2020-04-27 13:15:30;2020-04-27 13:15:30;""
501;10;Ukanushaji;10;2020-04-27 13:16:10;2020-04-27 13:16:10;""
502;10;Umoja Na Wingi;10;2020-04-27 13:16:49;2020-04-27 13:16:49;""
503;10;Kusoma Kwa Sauti;10;2020-04-27 13:17:29;2020-04-27 13:17:29;""
504;10;Kusoma Kwa Ufahamu;10;2020-04-27 13:19:03;2020-04-27 13:19:03;""
505;10;Kusoma Kwa Kina;10;2020-04-27 13:20:01;2020-04-27 13:20:01;""
506;10;Uandishi Wa Kawaida;10;2020-04-27 13:22:44;2020-04-27 13:22:44;""
507;10;Utungaji Wa Kiuamilifu;10;2020-04-27 13:25:01;2020-04-27 13:25:01;""
508;10;Uandishi Wa Insha;10;2020-04-27 13:29:49;2020-04-27 13:29:49;""
509;10;Utungaji Wa Kisanii;10;2020-04-27 13:30:44;2020-04-27 13:30:44;""
510;10;Ngeli Za Nomino;11;2020-04-27 13:32:45;2020-04-27 13:32:45;""
511;10;Vielezi;11;2020-04-27 13:35:40;2020-04-27 13:35:40;""
512;10;Viwakilishi;11;2020-04-27 13:36:25;2020-04-27 13:36:25;""
513;10;Mwingiliano Wa Maneno;11;2020-04-27 13:37:02;2020-04-27 13:37:02;""
514;10;Vitenzi;11;2020-04-27 13:37:41;2020-04-27 13:37:41;""
515;10;Uundaji Wa Nomino;11;2020-04-27 13:39:51;2020-04-27 13:39:51;""
516;10;Sentensi Ya Kiswahili;11;2020-04-27 13:40:33;2020-04-27 13:40:33;""
517;10;Nyakati Na Hali;11;2020-04-27 13:42:07;2020-04-27 13:42:07;""
518;10;Kusoma;11;2020-04-27 13:44:39;2020-04-27 13:44:39;""
519;10;Uandishi Wa Kawaida;11;2020-04-27 13:46:21;2020-04-27 13:46:21;""
520;10;Utungaji Wa Kiuamilifu;11;2020-04-27 13:47:57;2020-04-27 13:47:57;""
521;10;Uandishi Wa Insha;11;2020-04-27 13:52:20;2020-04-27 13:52:20;""
522;10;Utungaji Wa Kisanii;11;2020-04-27 13:53:05;2020-04-27 13:53:05;""
523;10;Ngeli Za Nomino;12;2020-04-27 13:54:54;2020-04-27 13:54:54;""
524;10;Aina Za Maneno;12;2020-04-27 13:56:29;2020-04-27 13:56:29;""
525;10;Mwingiliano Wa Aina Mbalimbali Za Maneno;12;2020-04-27 13:59:24;2020-04-27 13:59:24;""
526;10;Muundo Wa Sentensi Ya Kiswahili;12;2020-04-27 14:00:00;2020-04-27 14:00:00;""
527;10;Mnyambuliko Wa Vitenzi;12;2020-04-27 14:00:49;2020-04-27 14:00:49;""
528;10;Nyakati Na Hali;12;2020-04-27 14:02:08;2020-04-27 14:02:08;""
529;10;Uakifishaji;12;2020-04-27 14:04:16;2020-04-27 14:04:16;""
530;10;Uundaji Wa Maneno;12;2020-04-27 14:05:01;2020-04-27 14:05:01;""
531;10;Umoja Na Wingi;12;2020-04-27 14:07:54;2020-04-27 14:07:54;""
532;10;Kusoma;12;2020-04-27 14:08:31;2020-04-27 14:08:31;""
533;10;Uandishi Wa Kawaida;12;2020-04-27 14:10:06;2020-04-27 14:10:06;""
534;10;Utungaji Wa Kiuamilifu;12;2020-04-27 14:11:24;2020-04-27 14:11:24;""
535;10;Uandishi Wa Insha;12;2020-04-27 14:12:00;2020-04-27 14:12:00;""
536;4;Viambishi;7;2020-05-02 14:01:49;2020-05-02 14:01:49;""
537;4;O-rejeshi;7;2020-05-02 15:11:40;2020-05-02 15:11:40;""
538;4;Wakati Tegemezi 'Nge' Na 'Ngali';7;2020-05-03 12:48:35;2020-05-03 12:48:35;""
539;4;Viunganishi;7;2020-05-03 13:11:48;2020-05-03 13:11:48;""
540;4;Mnyambuliko Wa Vitenzi;7;2020-05-03 13:37:19;2020-05-03 13:37:19;""
541;4;Tanakali Za Sauti;7;2020-05-03 13:50:47;2020-05-03 13:50:47;""
542;4;Alama Za Uakifishaji;7;2020-05-03 14:23:11;2020-05-03 14:23:11;""
543;4;"Ukubwa, Udogo Na Wastani";7;2020-05-05 14:50:53;2020-05-05 14:50:53;""
544;4;Kuunda Sifa Kutokana Na Vitenzi;7;2020-05-05 15:16:25;2020-05-05 15:16:25;""
545;4;Vitate;7;2020-05-05 15:34:11;2020-05-05 15:34:11;""
546;4;Visawe;7;2020-05-05 15:47:28;2020-05-05 15:47:28;""
547;4;Vitawe;7;2020-05-05 15:49:27;2020-05-05 15:49:27;""
548;4;Nomino Ambata;7;2020-05-08 14:57:17;2020-05-08 14:57:17;""
549;4;Kinyume Cha Jinsia;7;2020-05-08 15:34:37;2020-05-08 15:34:37;""
550;4;Tarakimu;7;2020-05-08 16:02:38;2020-05-08 16:02:38;""
551;4;Uhusiano Wa Watu Na Nchi Zao;7;2020-05-08 16:11:44;2020-05-08 16:11:44;""
552;4;Mapambo;7;2020-05-18 13:53:32;2020-05-18 13:53:32;""
553;4;Viwandani;7;2020-05-18 14:19:45;2020-05-18 14:19:45;""
554;4;Majina Ya Nchi;7;2020-05-18 14:46:17;2020-05-18 14:46:17;""
555;4;Malipo;7;2020-05-20 11:57:37;2020-05-20 11:57:37;""
556;4;Watu Na Kazi Zao;7;2020-05-20 12:26:01;2020-05-20 12:26:01;""
557;4;Nomino Za Makundi;7;2020-05-20 12:59:55;2020-05-20 12:59:55;""
558;4;Salamu Na Maamkizi;7;2020-05-20 13:33:23;2020-05-20 13:33:23;""
559;4;Nemsi;7;2020-05-20 13:50:17;2020-05-20 13:50:17;""
560;4;Misemo/Nahau;7;2020-05-20 14:08:41;2020-05-20 14:08:41;""
561;4;Vitendawili;7;2020-05-21 13:39:49;2020-05-21 13:39:49;""
562;4;Methali;7;2020-05-21 14:08:13;2020-05-21 14:08:13;""
563;4;Kusoma;7;2020-05-21 14:16:10;2020-05-21 14:16:10;""
564;4;Kuandika;7;2020-05-21 14:20:17;2020-05-21 14:20:17;""
565;4;Ushairi;7;2020-05-21 14:22:56;2020-05-21 14:22:56;""
567;2;Number Theory;12;2020-08-28 01:04:37;2020-08-28 01:04:37;""
568;2;test;8;2020-08-28 01:06:33;2020-08-28 01:06:33;""
569;1;Test;10;2020-08-28 01:10:06;2020-08-28 01:10:06;""
570;13;Test;12;2020-08-28 21:36:42;2020-08-28 21:36:42;""
571;11;Test Notes;11;2020-08-29 12:23:16;2020-08-29 12:23:16;""
572;11;Introduction to Chemistry;9;2020-08-30 20:55:36;2020-08-30 20:55:36;""
579;13;Introduction to Physics;9;2020-09-20 23:55:11;2020-09-20 23:55:11;""
580;13;Measurements;9;2020-09-20 23:59:55;2020-09-20 23:59:55;""
581;13;Force;9;2020-09-21 22:14:14;2020-09-21 22:14:14;""
582;11;Simple classification of substances;9;2020-09-21 22:28:29;2020-09-21 22:28:29;""
583;11;"Acid, Bases and Indicators";9;2020-09-21 22:31:28;2020-09-21 22:31:28;""
584;11;Air and Combustion;9;2020-09-21 22:33:05;2020-09-21 22:33:05;""
585;13;Pressure;9;2020-09-21 22:38:45;2020-09-21 22:38:45;""
586;13;Particulate Nature of Matter;9;2020-09-21 22:48:41;2020-09-21 22:48:41;""
587;13;Thermal Expansion;9;2020-09-21 22:50:13;2020-09-21 22:50:13;""
588;13;Heat Transfer;9;2020-09-21 23:17:47;2020-09-21 23:17:47;""
589;13;Rectilinear Propagation of Light and Refection at Plane Surface;9;2020-09-21 23:19:23;2020-09-21 23:19:23;""
590;13;Electrostatics;9;2020-09-21 23:20:15;2020-09-21 23:20:15;""
591;13;Cells and Simple Circuits;9;2020-09-21 23:22:00;2020-09-21 23:22:00;""
592;11;Water and Hydrogen;9;2020-09-21 23:26:38;2020-09-21 23:26:38;""
593;11;Structure of the Atom and the Periodic Table;10;2020-09-21 23:39:05;2020-09-21 23:39:05;""
594;11;Chemical families;10;2020-09-21 23:41:17;2020-09-21 23:41:17;""
595;11;Structure and Bonding;10;2020-09-21 23:52:55;2020-09-21 23:52:55;""
596;11;Salts;10;2020-09-21 23:53:15;2020-09-21 23:53:15;""
597;11;Effect of Electric Current on Substances;10;2020-09-21 23:53:36;2020-09-21 23:53:36;""
598;11;Carbon and some of its Compounds;10;2020-09-21 23:53:58;2020-09-21 23:53:58;""
599;11;Gas Laws;11;2020-09-21 23:56:42;2020-09-21 23:56:42;""
600;11;The Mole Formulae and Chemical Equations;11;2020-09-21 23:57:07;2020-09-21 23:57:07;""
601;11;Organic Chemistry I;11;2020-09-21 23:57:27;2020-09-21 23:57:27;""
602;11;Nitrogen and it's Compounds;11;2020-09-21 23:57:48;2020-09-21 23:57:48;""
603;11;Sulphur and its Compounds;11;2020-09-21 23:58:07;2020-09-21 23:58:07;""
604;11;Chlorine and its Compounds;11;2020-09-21 23:58:27;2020-09-21 23:58:27;""
605;11;"Acids, Bases and Salts";12;2020-09-22 00:50:39;2020-09-22 00:50:39;""
606;11;Energy Changes in Chemical and Physical Processes;12;2020-09-22 00:51:10;2020-09-22 00:51:10;""
607;11;Reaction Rates and Reversible Reactions;12;2020-09-22 00:51:30;2020-09-22 00:51:30;""
608;11;Electrochemistry;12;2020-09-22 00:51:49;2020-09-22 00:51:49;""
609;11;Metals;12;2020-09-22 00:52:07;2020-09-22 00:52:07;""
610;11;Organic Chemistry II (Alkanols and Alkanoic Acids);12;2020-09-22 00:52:46;2020-09-22 00:52:46;""
611;11;Radioactivity;12;2020-09-22 00:53:05;2020-09-22 00:53:05;""
612;13;Magnetism;10;2020-09-22 01:08:09;2020-09-22 01:08:09;""
613;13;Measurements II;10;2020-09-22 01:08:51;2020-09-22 01:08:51;""
614;13;Turning Effect of Force;10;2020-09-22 01:09:11;2020-09-22 01:09:11;""
615;13;Equilibrium Centre of Gravity;10;2020-09-22 01:09:31;2020-09-22 01:09:31;""
616;13;Reflection at Curved Surfaces;10;2020-09-22 01:09:50;2020-09-22 01:09:50;""
617;13;Magnetic Effect of Electric Current;10;2020-09-22 01:10:07;2020-09-22 01:10:07;""
618;13;Hooke's Law;10;2020-09-22 01:10:24;2020-09-22 01:10:24;""
619;13;Waves;10;2020-09-22 01:10:43;2020-09-22 01:10:43;""
620;13;Sound;10;2020-09-22 01:11:01;2020-09-22 01:11:01;""
621;13;Sound Fluid Flow;10;2020-09-22 01:11:21;2020-09-22 01:11:21;""
622;13;Linear Motion;11;2020-09-22 21:02:10;2020-09-22 21:02:10;""
623;13;Refraction of Light;11;2020-09-22 21:02:47;2020-09-22 21:02:47;""
624;13;Newton's Laws of Motion;11;2020-09-22 21:03:07;2020-09-22 21:03:07;""
625;13;"Work, Energy, Power and Machines";11;2020-09-22 21:03:25;2020-09-22 21:03:25;""
626;13;Current Electricity;11;2020-09-22 21:03:43;2020-09-22 21:03:43;""
627;13;Waves II;11;2020-09-22 21:04:02;2020-09-22 21:04:02;""
628;13;Electrostatics II;11;2020-09-22 21:04:25;2020-09-22 21:04:25;""
629;13;Heating Effect of Electric Current;11;2020-09-22 21:04:42;2020-09-22 21:04:42;""
630;13;Quantity of Heat;11;2020-09-22 21:05:01;2020-09-22 21:05:01;""
631;13;Gas Laws;11;2020-09-22 21:05:18;2020-09-22 21:05:18;""
632;13;Thin Lenses;12;2020-09-22 21:15:24;2020-09-22 21:15:24;""
633;13;Uniform Circular Motion;12;2020-09-22 21:15:47;2020-09-22 21:15:47;""
634;13;Floating and Sinking;12;2020-09-22 21:16:06;2020-09-22 21:16:06;""
635;13;Electromagnetic Spectrum;12;2020-09-22 21:16:32;2020-09-22 21:16:32;""
636;13;Electromagnetic Induction;12;2020-09-22 21:17:31;2020-09-22 21:17:31;""
637;13;Mains Electricity;12;2020-09-22 21:17:48;2020-09-22 21:17:48;""
638;13;Cathode Rays and Cathode Ray Tube;12;2020-09-22 21:18:07;2020-09-22 21:18:07;""
639;13;X-rays;12;2020-09-22 21:18:25;2020-09-22 21:18:25;""
640;13;Photoelectric Effect;12;2020-09-22 21:18:45;2020-09-22 21:18:45;""
641;13;Radioactivity;12;2020-09-22 21:19:02;2020-09-22 21:19:02;""
642;13;Electronics;12;2020-09-22 21:19:24;2020-09-22 21:19:24;""
643;21;Introduction to Computers;9;2020-09-22 22:38:12;2020-09-22 22:38:12;""
644;21;Computer Systems;9;2020-09-22 22:39:37;2020-09-22 22:39:37;""
645;21;Operating Systems;9;2020-09-22 22:39:54;2020-09-22 22:39:54;""
646;21;Word Processors;10;2020-09-22 22:54:10;2020-09-22 22:54:10;""
647;21;Spreadsheets;10;2020-09-22 22:54:32;2020-09-22 22:54:32;""
648;21;Databases;10;2020-09-22 22:54:47;2020-09-22 22:54:47;""
649;21;Desktop Publishing;10;2020-09-22 22:55:12;2020-09-22 22:55:12;""
650;21;Internet and e-mail;10;2020-09-22 22:55:30;2020-09-22 22:55:30;""
651;21;Data Security and Controls;10;2020-09-22 22:55:48;2020-09-22 22:55:48;""
652;21;Data representation in a computer;11;2020-09-22 23:21:11;2020-09-22 23:21:11;""
653;21;Data Processing;11;2020-09-22 23:21:33;2020-09-22 23:21:33;""
654;21;Elementary Programming Principles;11;2020-09-22 23:21:53;2020-09-22 23:21:53;""
655;21;Systems Development;11;2020-09-22 23:22:11;2020-09-22 23:22:11;""
656;21;Introduction to Networking and Data Communication;12;2020-09-22 23:37:46;2020-09-22 23:37:46;""
657;21;Application Areas of Information and Communication Technology;12;2020-09-22 23:38:08;2020-09-22 23:38:08;""
658;21;Impact of Information and Communication Technology on Society;12;2020-09-22 23:38:27;2020-09-22 23:38:27;""
659;21;Career Opportunities in ICT;12;2020-09-22 23:38:47;2020-09-22 23:38:47;""
660;12;Introduction to Biology;9;2020-09-24 22:33:19;2020-09-24 22:33:19;""
661;12;Classification 1;9;2020-09-24 22:41:34;2020-09-24 22:41:34;""
662;12;The Cell;9;2020-09-24 22:42:18;2020-09-24 22:42:18;""
663;12;Cell Physiology;9;2020-09-24 22:42:39;2020-09-24 22:42:39;""
664;12;Nutrition in Plants and Animals;9;2020-09-24 22:43:01;2020-09-24 22:43:01;""
665;12;Transport in Plants and Animals;10;2020-09-24 22:45:57;2020-09-24 22:45:57;""
666;12;Gaseous Exchange;10;2020-09-24 22:53:01;2020-09-24 22:53:01;""
667;12;Respiration;10;2020-09-24 22:53:24;2020-09-24 22:53:24;""
668;12;Excretion and Homeostasis;10;2020-09-24 22:53:43;2020-09-24 22:53:43;""
669;12;Classification II;11;2020-09-24 22:54:41;2020-09-24 22:54:41;""
670;12;Ecology;11;2020-09-24 22:55:05;2020-09-24 22:55:05;""
671;12;Reproduction in Plants and Animals;11;2020-09-24 22:55:23;2020-09-24 22:55:23;""
672;12;Growth and Development;11;2020-09-24 22:55:41;2020-09-24 22:55:41;""
673;12;Genetics;12;2020-09-24 22:56:47;2020-09-24 22:56:47;""
674;12;Evolution;12;2020-09-24 22:57:04;2020-09-24 22:57:04;""
675;12;"Reception, Response, and Coordination in Plants and Animals";12;2020-09-24 22:57:25;2020-09-24 22:57:25;""
676;12;Support and Movement in Plants and Animals;12;2020-09-24 22:57:52;2020-09-24 22:57:52;""
677;17;Introduction to Business Studies;9;2020-09-30 19:23:51;2020-09-30 19:23:51;""
678;17;Business and Its Environment;9;2020-09-30 19:24:13;2020-09-30 19:24:13;""
679;17;Satisfaction Of Human Wants;9;2020-09-30 19:24:32;2020-09-30 19:24:32;""
680;17;Production;9;2020-09-30 19:24:48;2020-09-30 19:24:48;""
681;17;Entrepreneurship;9;2020-09-30 19:25:06;2020-09-30 19:25:06;""
682;17;The Office;9;2020-09-30 19:25:23;2020-09-30 19:25:23;""
683;17;Home Trade;9;2020-09-30 19:25:40;2020-09-30 19:25:40;""
684;17;Managing A Business;9;2020-09-30 19:33:59;2020-09-30 19:33:59;""
685;17;Forms of Business Units;10;2020-09-30 19:48:07;2020-09-30 19:48:07;""
686;17;Government and Business;10;2020-09-30 19:48:39;2020-09-30 19:48:39;""
687;17;Transport;10;2020-09-30 19:48:54;2020-09-30 19:48:54;""
688;17;Communication;10;2020-09-30 19:49:07;2020-09-30 19:49:07;""
689;17;Warehousing;10;2020-09-30 19:49:20;2020-09-30 19:49:20;""
690;17;Insurance;10;2020-09-30 19:49:32;2020-09-30 19:49:32;""
691;17;Product Promotion;10;2020-09-30 19:49:43;2020-09-30 19:49:43;""
692;17;Demand and Supply;11;2020-09-30 20:20:28;2020-09-30 20:20:28;""
693;17;Size and Location of a Firm;11;2020-09-30 20:20:41;2020-09-30 20:20:41;""
694;17;Product Markets;11;2020-09-30 20:20:54;2020-09-30 20:20:54;""
695;17;Chain of Distribution;11;2020-09-30 20:21:08;2020-09-30 20:21:08;""
696;17;National Income;11;2020-09-30 20:21:20;2020-09-30 20:21:20;""
697;17;Population and Employment;11;2020-09-30 20:21:32;2020-09-30 20:21:32;""
698;17;Net Worth of a Business;11;2020-09-30 20:21:51;2020-09-30 20:21:51;""
699;17;Business Transactions;11;2020-09-30 20:22:05;2020-09-30 20:22:05;""
700;17;The Ledger;11;2020-09-30 20:22:16;2020-09-30 20:22:16;""
701;17;The Cash Book;11;2020-09-30 20:22:28;2020-09-30 20:22:28;""
702;17;Sources Documents and Books of Original Entry;12;2020-09-30 21:23:09;2020-09-30 21:23:09;""
703;17;Financial Statements;12;2020-09-30 21:23:23;2020-09-30 21:23:23;""
704;17;Money and Banking;12;2020-09-30 21:23:37;2020-09-30 21:23:37;""
705;17;Public Finance;12;2020-09-30 21:23:52;2020-09-30 21:23:52;""
706;17;Inflation;12;2020-09-30 21:24:07;2020-09-30 21:24:07;""
707;17;International Trade;12;2020-09-30 21:24:20;2020-09-30 21:24:20;""
708;17;Economic Development and Planning;12;2020-09-30 21:24:32;2020-09-30 21:24:32;""
709;19;Introduction to Geography;9;2020-09-30 22:00:49;2020-09-30 22:00:49;""
710;19;The Earth and the Solar System;9;2020-09-30 22:01:09;2020-09-30 22:01:09;""
711;19;Weather;9;2020-09-30 22:01:30;2020-09-30 22:01:30;""
712;19;Statistical Methods;9;2020-09-30 22:01:46;2020-09-30 22:01:46;""
713;19;Maps and Map Work;9;2020-09-30 22:02:02;2020-09-30 22:02:02;""
714;19;Field Work;9;2020-09-30 22:02:20;2020-09-30 22:02:20;""
715;19;Minerals and Rocks;9;2020-09-30 22:02:35;2020-09-30 22:02:35;""
716;19;Mining;9;2020-09-30 22:02:47;2020-09-30 22:02:47;""
717;19;Internal Land Forming Processes;10;2020-10-01 22:31:08;2020-10-01 22:31:08;""
718;19;Map Work;10;2020-10-01 22:31:20;2020-10-01 22:31:20;""
719;19;Photograph Work;10;2020-10-01 22:31:33;2020-10-01 22:31:33;""
720;19;Statistical Methods;10;2020-10-01 22:31:52;2020-10-01 22:31:52;""
721;19;Climate;10;2020-10-01 22:32:03;2020-10-01 22:32:03;""
722;19;Vegetation;10;2020-10-01 22:32:15;2020-10-01 22:32:15;""
723;19;Forestry;10;2020-10-01 22:32:28;2020-10-01 22:32:28;""
724;19;Statistical Methods;11;2020-10-01 22:48:10;2020-10-01 22:48:10;""
725;19;Map Work;11;2020-10-01 22:48:24;2020-10-01 22:48:24;""
726;19;External Land Forming Processes;11;2020-10-01 22:48:49;2020-10-01 22:48:49;""
727;19;Soils;11;2020-10-01 22:49:03;2020-10-01 22:49:03;""
728;19;Agriculture;11;2020-10-01 22:49:16;2020-10-01 22:49:16;""
729;19;Statistical Methods;12;2020-10-01 23:41:45;2020-10-01 23:41:45;""
730;19;Land Reclamation and Rehabilitation;12;2020-10-01 23:41:59;2020-10-01 23:41:59;""
731;19;Fishing;12;2020-10-01 23:42:13;2020-10-01 23:42:13;""
732;19;Wildlife and Tourism;12;2020-10-01 23:42:29;2020-10-01 23:42:29;""
733;19;Energy;12;2020-10-01 23:42:43;2020-10-01 23:42:43;""
734;19;Industry;12;2020-10-01 23:42:55;2020-10-01 23:42:55;""
735;19;Transport and Communications;12;2020-10-01 23:43:11;2020-10-01 23:43:11;""
736;19;Trade;12;2020-10-01 23:43:23;2020-10-01 23:43:23;""
737;19;Population;12;2020-10-01 23:43:38;2020-10-01 23:43:38;""
738;19;Settlement;12;2020-10-01 23:43:51;2020-10-01 23:43:51;""
739;19;Management and Conservation of the Environment;12;2020-10-01 23:44:04;2020-10-01 23:44:04;""
740;20;Introduction to History and Government;9;2020-10-02 00:27:41;2020-10-02 00:27:41;""
741;20;Early Man;9;2020-10-02 00:27:54;2020-10-02 00:27:54;""
742;20;Development of Agriculture;9;2020-10-02 00:28:05;2020-10-02 00:28:05;""
743;20;The People of Kenya Up to the 19th Century;9;2020-10-02 00:28:20;2020-10-02 00:28:20;""
744;20;"Social, Economic and Political Organization of Kenyan Societies in the 19 Century";9;2020-10-02 00:28:33;2020-10-02 00:28:33;""
745;20;Contacts between East Africa and the Outside World up to the 19th Century;9;2020-10-02 00:28:55;2020-10-02 00:28:55;""
746;20;Citizenship;9;2020-10-02 00:29:11;2020-10-02 00:29:11;""
747;20;National Integration;9;2020-10-02 00:29:23;2020-10-02 00:29:23;""
748;20;Trade;10;2020-10-02 00:43:53;2020-10-02 00:43:53;""
749;20;Development of Transport and Communication;10;2020-10-02 00:44:07;2020-10-02 00:44:07;""
750;20;Development of Industry;10;2020-10-02 00:44:19;2020-10-02 00:44:19;""
751;20;Urbanisation;10;2020-10-02 00:44:33;2020-10-02 00:44:33;""
752;20;"Social, Economic and Political Organization of African Societies In the 19th Century";10;2020-10-02 00:44:48;2020-10-02 00:44:48;""
753;20;Constitutions and Constitution Making;10;2020-10-02 00:45:03;2020-10-02 00:45:03;""
754;20;Democracy and Human Rights;10;2020-10-02 00:45:16;2020-10-02 00:45:16;""
755;1;Pronouns;7;2020-10-08 09:37:27;2020-10-08 09:37:27;""
756;1;Determiners/Articles;7;2020-10-19 16:40:15;2020-10-19 16:40:15;""
757;1;Proverbs;7;2020-10-19 16:45:18;2020-10-19 16:45:18;""
758;20;World Wars;12;2020-11-07 12:06:36;2020-11-07 12:06:36;""
759;20;International Relations;12;2020-11-07 12:07:08;2020-11-07 12:07:08;""
760;20;Co-Operation in Africa;12;2020-11-07 12:07:40;2020-11-07 12:07:40;""
761;20;National Philosophies;12;2020-11-07 12:08:02;2020-11-07 12:08:02;""
762;20;"Social, Economic and Political Developments and Challenges in Kenya Since Independence";12;2020-11-07 12:08:20;2020-11-07 12:08:20;""
763;20;"Social, Economic and Political Developments and Challenges in Africa Since Independence";12;2020-11-07 12:08:40;2020-11-07 12:08:40;""
764;20;Local Authorities in Kenya;12;2020-11-07 12:08:56;2020-11-07 12:08:56;""
765;20;Government Revenue and expenditure in Kenya;12;2020-11-07 12:09:16;2020-11-07 12:09:16;""
766;20;The Electoral Process and Functions of Governments in Other Parts of The World;12;2020-11-07 12:09:30;2020-11-07 12:09:30;""
767;20;European  Invasion of Africa and the Process of Colonization;11;2020-11-07 12:23:38;2020-11-07 12:23:38;""
768;20;Establishment of Colonial Rule in Kenya;11;2020-11-07 12:23:54;2020-11-07 12:23:54;""
769;20;Colonial Administration;11;2020-11-07 12:24:08;2020-11-07 12:24:08;""
770;20;Social  and Economic Developments during the Colonial Period in Kenya;11;2020-11-07 12:24:22;2020-11-07 12:24:22;""
771;20;Political Developments and Smuggle For Independence in Kenya (1919-1963);11;2020-11-07 12:24:39;2020-11-07 12:24:39;""
772;20;Rise of African Nationalism;11;2020-11-07 12:24:53;2020-11-07 12:24:53;""
773;20;Lives and Contributions of Kenyan Leaders;11;2020-11-07 12:25:07;2020-11-07 12:25:07;""
774;20;"The Formation, Structure and Functions of the Government of Kenya";11;2020-11-07 12:25:21;2020-11-07 12:25:21;""
775;20;Trade;10;2020-11-07 12:38:03;2020-11-07 12:38:03;""
776;20;Development of Transport and Communication;10;2020-11-07 12:38:18;2020-11-07 12:38:18;""
777;20;Development of Industry;10;2020-11-07 12:38:30;2020-11-07 12:38:30;""
778;20;Urbanisation;10;2020-11-07 12:38:42;2020-11-07 12:38:42;""
779;20;"Social, Economic and Political Organization of African Societies In the 19th Century";10;2020-11-07 12:38:55;2020-11-07 12:38:55;""
780;20;Constitutions and Constitution Making;10;2020-11-07 12:39:09;2020-11-07 12:39:09;""
781;20;Democracy and Human Rights;10;2020-11-07 12:39:23;2020-11-07 12:39:23;""
782;14;Introduction to Christian Ethics;12;2020-11-07 12:57:55;2020-11-07 12:57:55;""
783;14;"Christian Approaches to Human Sexuality, Marriage And Family";12;2020-11-07 12:58:13;2020-11-07 12:58:13;""
784;14;Christian Approaches to Work;12;2020-11-07 12:58:31;2020-11-07 12:58:31;""
785;14;Christian Approaches to Leisure;12;2020-11-07 12:58:45;2020-11-07 12:58:45;""
786;14;"Christian Approaches to Wealth, Money And Poverty";12;2020-11-07 12:59:03;2020-11-07 12:59:03;""
787;14;"Christian Approaches to Law, Order And Justice";12;2020-11-07 12:59:26;2020-11-07 12:59:26;""
788;14;"Christian Approaches to Selected Issues Related To Modern Science, Technology And Environment";12;2020-11-07 12:59:40;2020-11-07 12:59:40;""
789;14;The Gifts of the Holy Spirit;11;2020-11-08 14:17:36;2020-11-08 14:17:36;""
790;14;Unity of Believers;11;2020-11-08 14:17:53;2020-11-08 14:17:53;""
791;14;Selected Old Testament Prophets and their Teachings;11;2020-11-08 14:18:06;2020-11-08 14:18:06;""
792;14;Amos;11;2020-11-08 14:24:02;2020-11-08 14:24:02;""
793;14;Jeremiah;11;2020-11-08 14:24:17;2020-11-08 14:24:17;""
794;14;Nehemiah;11;2020-11-08 14:24:29;2020-11-08 14:24:29;""
795;4;Mkato wa vimilikishi;6;2020-12-14 15:51:03;2020-12-14 15:51:03;""
796;4;Viashiria radidi;6;2020-12-14 15:53:57;2020-12-14 15:53:57;""
797;4;Viashiria visisitizi/takriri;6;2020-12-14 15:58:04;2020-12-14 15:58:04;""
798;4;Tarakimu;6;2020-12-14 17:36:17;2020-12-14 17:36:17;""
799;4;Usafiri;6;2020-12-14 17:40:57;2020-12-14 17:40:57;""
800;4;Vikembe;6;2020-12-14 17:41:45;2020-12-14 17:41:45;""
801;4;Ala za Muziki;6;2020-12-14 17:42:45;2020-12-14 17:42:45;""
802;4;Vitawe;6;2020-12-14 17:44:16;2020-12-14 17:44:16;""
803;4;Viungo vya mwili (Ndani);6;2020-12-14 17:46:45;2020-12-14 17:46:45;""
804;4;Hali ya Mimea;6;2020-12-14 17:47:29;2020-12-14 17:47:29;""
805;4;Vimelea(Nje ya mwili);6;2020-12-14 17:48:43;2020-12-14 17:48:43;""
806;4;Mahakamani;6;2020-12-14 17:49:08;2020-12-14 17:49:08;""
807;4;Zana za vita;6;2020-12-14 17:50:45;2020-12-14 17:50:45;""
808;4;Maamkuzi;6;2020-12-14 17:51:10;2020-12-14 17:51:10;""
809;4;Tanakali za sauti;6;2020-12-14 17:52:57;2020-12-14 17:52:57;""
810;4;Istiara;6;2020-12-14 17:53:28;2020-12-14 17:53:28;""
811;4;Misemo au Nahau;6;2020-12-14 17:54:44;2020-12-14 17:54:44;""
812;4;Vitendawili;6;2020-12-14 17:55:54;2020-12-14 17:55:54;""
813;4;Methali;6;2020-12-14 17:57:09;2020-12-14 17:57:09;""
814;8;Natural Numbers;9;2020-12-22 17:55:06;2020-12-22 17:55:06;""
815;8;"Rate, Ratios, Proportions And Percentages";9;2021-01-05 18:27:49;2021-01-05 18:27:49;""
816;8;Length;9;2021-01-05 18:47:17;2021-01-05 18:47:17;""
817;8;Area;9;2021-01-05 19:24:32;2021-01-05 19:24:32;""
818;8;Surface Area of Solids;9;2021-01-06 08:24:57;2021-01-06 08:24:57;""
819;8;Volume and Capacity;9;2021-01-06 08:26:01;2021-01-06 08:26:01;""
820;8;"Mass, weight and Density";9;2021-01-07 03:36:25;2021-01-07 03:36:25;""
821;8;Time;9;2021-01-07 08:11:53;2021-01-07 08:11:53;""
822;8;Linear equations;9;2021-01-07 08:13:52;2021-01-07 08:13:52;""
823;8;Commercial Arithmetic;9;2021-01-07 08:49:18;2021-01-07 08:49:18;""
824;8;Coordinates and Graphs;9;2021-01-08 08:33:26;2021-01-08 08:33:26;""
825;8;Angles And Plane Figures;9;2021-01-12 08:05:31;2021-01-12 08:05:31;""
826;8;Geometrical Constructions;9;2021-01-12 08:07:50;2021-01-12 08:07:50;""
827;8;Scale Drawing;9;2021-01-12 08:19:03;2021-01-12 08:19:03;""
828;8;Common Solids;9;2021-01-12 08:20:13;2021-01-12 08:20:13;""
829;4;Hali ya mimea;6;2021-07-28 09:31:13;2021-07-28 09:31:13;primary
830;8;Quadratic Expressions;11;2021-10-19 13:36:58;2021-10-19 13:36:58;secondary
831;9;Pronunciation;11;2021-10-20 09:19:34;2021-10-20 09:19:34;secondary
832;9;Listening and Speaking;11;2021-10-20 09:33:34;2021-10-20 09:33:34;secondary
833;9;Oral Literature;11;2021-10-20 09:37:31;2021-10-20 09:37:31;secondary
834;9;Parts of speech;11;2021-10-21 08:38:16;2021-10-21 08:38:16;secondary
835;9;Idiomatic Expressions;11;2021-10-21 08:41:29;2021-10-21 08:41:29;secondary
836;9;Participles;11;2021-10-21 08:42:06;2021-10-21 08:42:06;secondary
837;9;Phrases;11;2021-10-21 08:47:11;2021-10-21 08:47:11;secondary
838;9;Clauses;11;2021-10-21 08:48:04;2021-10-21 08:48:04;secondary
839;9;Direct and Indirect Speeches;11;2021-10-21 09:20:23;2021-10-21 09:20:23;secondary
840;9;Answers to Some Grammar Exercises;11;2021-10-21 09:27:30;2021-10-21 09:27:30;secondary
841;9;Writing;11;2021-10-21 09:43:56;2021-10-21 09:43:56;secondary
842;9;Punctuation;11;2021-10-21 09:58:40;2021-10-21 09:58:40;secondary
843;9;Personal Writing;11;2021-10-21 10:04:44;2021-10-21 10:04:44;secondary
844;9;Social Writing;11;2021-10-21 10:05:33;2021-10-21 10:05:33;secondary
845;9;Public;11;2021-10-21 10:09:40;2021-10-21 10:09:40;secondary
846;9;Public Writing;11;2021-10-21 10:10:37;2021-10-21 10:10:37;secondary
847;9;Study Writing;10;2021-10-21 10:11:42;2021-10-21 10:11:42;secondary
848;9;Study Writing;11;2021-10-21 11:10:58;2021-10-21 11:10:58;secondary
849;9;Institutional Writing;11;2021-10-21 11:16:49;2021-10-21 11:16:49;secondary
850;8;Approximation and Error;11;2021-10-26 09:49:53;2021-10-26 09:49:53;secondary
851;8;Trigonometry;11;2021-10-26 14:07:32;2021-10-26 14:07:32;secondary
852;8;Surds;11;2021-10-27 09:34:13;2021-10-27 09:34:13;secondary
853;9;Pronunciation;12;2021-11-23 12:07:48;2021-11-23 12:07:48;secondary
854;9;Oral poetry;12;2021-11-23 12:09:33;2021-11-23 12:09:33;secondary
855;9;Proverbs;12;2021-11-23 12:09:45;2021-11-23 12:09:45;secondary
856;9;Oral Reports;12;2021-11-23 12:10:52;2021-11-23 12:10:52;secondary
857;9;Etiquette;12;2021-11-23 12:11:28;2021-11-23 12:11:28;secondary
858;9;Nouns;12;2021-11-23 12:11:51;2021-11-23 12:11:51;secondary
859;9;Pronouns;12;2021-11-23 12:11:58;2021-11-23 12:11:58;secondary
860;9;Verbs;12;2021-11-23 12:12:20;2021-11-23 12:12:20;secondary
861;9;Adjectives;12;2021-11-23 12:12:34;2021-11-23 12:12:34;secondary
862;9;Adverbs;12;2021-11-23 12:12:44;2021-11-23 12:12:44;secondary
863;9;Conjunctions;12;2021-11-23 12:12:55;2021-11-23 12:12:55;secondary
864;9;Clauses;12;2021-11-23 12:23:08;2021-11-23 12:23:08;secondary
865;9;Reading Skills;12;2021-11-23 12:23:37;2021-11-23 12:23:37;secondary
866;9;Intensive Reading;12;2021-11-23 12:24:00;2021-11-23 12:24:00;secondary
867;9;Extensive Reading;12;2021-11-23 12:24:23;2021-11-23 12:24:23;secondary
868;9;Comprehension Skills;12;2021-11-23 12:24:37;2021-11-23 12:24:37;secondary
869;9;Comprehension Skills;12;2021-11-23 12:25:11;2021-11-23 12:25:11;secondary
870;9;Punctuation;12;2021-11-23 12:25:19;2021-11-23 12:25:19;secondary
871;9;Personal writing;12;2021-11-23 12:25:34;2021-11-23 12:25:34;secondary
872;9;Social writing;12;2021-11-23 12:25:54;2021-11-23 12:25:54;secondary
873;9;Public writing;12;2021-11-23 12:26:07;2021-11-23 12:26:07;secondary
874;9;Study writing;12;2021-11-23 12:26:18;2021-11-23 12:26:18;secondary
875;9;Creative writing;12;2021-11-23 12:26:29;2021-11-23 12:26:29;secondary
876;9;Institutional writing;12;2021-11-23 12:26:39;2021-11-23 12:26:39;secondary
877;9;Prepositions;12;2021-11-25 17:32:52;2021-11-25 17:32:52;secondary
878;8;Linear Inequalities;10;2021-12-06 08:11:17;2021-12-06 08:11:17;secondary
879;8;Geometry;10;2021-12-06 09:14:36;2021-12-06 09:14:36;secondary
880;8;Linear Motion;10;2021-12-06 10:58:06;2021-12-06 10:58:06;secondary
881;8;Logarithms;11;2021-12-06 16:08:53;2021-12-06 16:08:53;secondary
882;8;Commercial Arithmetic;11;2021-12-06 16:09:17;2021-12-06 16:09:17;secondary
883;8;"Circle, Chords and Tangents";11;2021-12-06 16:10:13;2021-12-06 16:10:13;secondary
884;8;Matrices;11;2021-12-06 16:10:28;2021-12-06 16:10:28;secondary
885;8;Formulae and Variation;11;2021-12-06 16:10:47;2021-12-06 16:10:47;secondary
886;8;Sequence and Series;11;2021-12-06 16:11:05;2021-12-06 16:11:05;secondary
887;8;Vectors;11;2021-12-06 16:11:17;2021-12-06 16:11:17;secondary
888;8;Binomial Expression;11;2021-12-06 16:11:42;2021-12-06 16:11:42;secondary
889;8;Probability;11;2021-12-06 16:11:57;2021-12-06 16:11:57;secondary
890;8;Compound Proportion and Mixtures;11;2021-12-06 16:12:41;2021-12-06 16:12:41;secondary
891;8;Graphical Methods;11;2021-12-06 16:12:58;2021-12-06 16:12:58;secondary
892;8;Matrices and Transformation;12;2021-12-13 09:12:21;2021-12-13 09:12:21;secondary
893;8;Statistics II;12;2021-12-13 09:12:38;2021-12-13 09:12:38;secondary
894;8;Three Dimensional Geometry;12;2021-12-13 09:12:58;2021-12-13 09:12:58;secondary
895;8;Trigonometry III;12;2021-12-13 09:13:18;2021-12-13 09:13:18;secondary
896;8;Longitudes and Latitudes;12;2021-12-13 09:14:20;2021-12-13 09:14:20;secondary
897;8;Linear Programming;12;2021-12-13 09:14:53;2021-12-13 09:14:53;secondary
898;8;Loci;12;2021-12-13 09:15:03;2021-12-13 09:15:03;secondary
899;8;Differentiation;12;2021-12-13 09:15:20;2021-12-13 09:15:20;secondary
900;8;Integration;12;2021-12-13 09:15:34;2021-12-13 09:15:34;secondary
901;10;Mofimu;11;2022-02-23 07:47:45;2022-02-23 07:47:45;secondary
902;10;Viambishi;10;2022-02-23 08:04:41;2022-02-23 08:04:41;secondary
903;10;Sauti;9;2022-02-23 08:19:29;2022-02-23 08:19:29;secondary
904;14;Meaning of Christian Religious Education;9;2022-04-11 11:46:53;2022-04-11 11:46:53;secondary
905;14;The Bible;9;2022-04-11 11:47:18;2022-04-11 11:47:18;secondary
906;14;Creation and The Fall Of Man;9;2022-04-11 11:47:34;2022-04-11 11:47:34;secondary
907;14;Faith and God’s promises: Abraham;9;2022-04-11 11:47:55;2022-04-11 11:47:55;secondary
908;14;Sinai Covenant: Moses;9;2022-04-11 11:48:06;2022-04-11 11:48:06;secondary
909;14;Leadership in Israel: David And Solomon;9;2022-04-11 11:49:37;2022-04-11 11:49:37;secondary
910;14;Loyalty to God: Elijah;9;2022-04-11 11:49:52;2022-04-11 11:49:52;secondary
911;14;"Selected Aspects In African Religious Heritage: African Concept of God, Spirits And Ancestors";9;2022-04-11 11:50:09;2022-04-11 11:50:09;secondary
912;14;African Moral and Cultural Values;9;2022-04-11 11:50:20;2022-04-11 11:50:20;secondary
913;14;Old Testament Prophesies About the Messiah;10;2022-04-11 11:51:22;2022-04-11 11:51:22;secondary
914;14;The Infancy and Early Life of Jesus;10;2022-04-11 11:51:35;2022-04-11 11:51:35;secondary
915;14;The Galilean Ministry;10;2022-04-11 11:51:48;2022-04-11 11:51:48;secondary
916;14;The Journey to Jerusalem;10;2022-04-11 11:52:00;2022-04-11 11:52:00;secondary
917;14;Jesus’ Ministry in Jerusalem;10;2022-04-11 11:52:14;2022-04-11 11:52:14;secondary
918;14;"Jesus’ Passion, Death and Resurrection";10;2022-04-11 11:52:29;2022-04-11 11:52:29;secondary
919;14;The Gifts of the Holy Spirit;11;2022-04-11 11:53:13;2022-04-11 11:53:13;secondary
920;14;Unity of Believers;11;2022-04-11 11:53:24;2022-04-11 11:53:24;secondary
921;14;Selected Old Testament Prophets and their Teachings;11;2022-04-11 11:53:38;2022-04-11 11:53:38;secondary
922;14;Amos;11;2022-04-11 11:53:55;2022-04-11 11:53:55;secondary
923;14;Jeremiah;11;2022-04-11 11:54:05;2022-04-11 11:54:05;secondary
924;14;Nehemiah;11;2022-04-11 11:54:15;2022-04-11 11:54:15;secondary
925;14;Introduction to Christian Ethics;12;2022-04-11 12:05:21;2022-04-11 12:05:21;secondary
926;14;"Christian Approaches to Human Sexuality, Marriage And Family";12;2022-04-11 12:05:32;2022-04-11 12:05:32;secondary
927;14;Christian Approaches to Work;12;2022-04-11 12:05:48;2022-04-11 12:05:48;secondary
928;14;Christian Approaches to Leisure;12;2022-04-11 12:06:08;2022-04-11 12:06:08;secondary
929;14;"Christian Approaches to Wealth, Money And Poverty";12;2022-04-11 12:06:19;2022-04-11 12:06:19;secondary
930;14;"Christian Approaches to Law, Order And Justice";12;2022-04-11 12:06:31;2022-04-11 12:06:31;secondary
931;14;"Christian Approaches to Selected Issues Related To Modern Science, Technology And Environment";12;2022-04-11 12:06:50;2022-04-11 12:06:50;secondary
954;18;Introduction to Agriculture;9;2022-05-24 07:18:31;2022-05-24 07:18:31;secondary
955;18;Factors Influencing Agriculture;9;2022-05-24 07:19:26;2022-05-24 07:19:26;secondary
956;18;Farm Tools and Equipment;9;2022-05-24 07:20:02;2022-05-24 07:20:02;secondary
957;18;Crop Production 1 (Land Preparation);9;2022-05-24 07:20:44;2022-05-24 07:20:44;secondary
958;18;"Water Supply, Irrigation and Drainage";9;2022-05-24 07:21:20;2022-05-24 07:21:20;secondary
959;18;Soil Fertility 1 (Organic Manures);9;2022-05-24 07:22:45;2022-05-24 07:22:45;secondary
960;18;Livestock Production 1 (Common Breeds);9;2022-05-24 07:25:00;2022-05-24 07:25:00;secondary
961;18;Agricultural Economics (Basic Concepts and Farm Records);9;2022-05-24 07:26:12;2022-05-24 07:26:12;secondary
962;18;Soil Fertility II (Inorganic Fertilizers);10;2022-05-24 07:28:05;2022-05-24 07:28:05;secondary
963;18;Crop Production II (Planting);10;2022-05-24 07:29:32;2022-05-24 07:29:32;secondary
964;18;Crop Production III (Nursery Practices);10;2022-05-24 07:29:57;2022-05-24 07:29:57;secondary
965;18;Crop Production IV (Field Practices);10;2022-05-24 07:31:26;2022-05-24 07:31:26;secondary
966;18;Crop Production V (Vegetables);10;2022-05-24 07:58:55;2022-05-24 07:58:55;secondary
967;18;Livestock Health I (Introduction);10;2022-05-24 07:59:44;2022-05-24 07:59:44;secondary
968;18;Livestock Health II (Parasites);10;2022-05-24 07:59:59;2022-05-24 07:59:59;secondary
969;18;Livestock Health III (Nutrition);10;2022-05-24 08:00:33;2022-05-24 08:00:33;secondary
970;18;Livestock Production ( Selection and Breeding);11;2022-05-24 08:11:42;2022-05-24 08:11:42;secondary
971;18;Livestock Production ( Livestock Rearing);11;2022-05-24 08:12:27;2022-05-24 08:12:27;secondary
972;18;Farm Structures;11;2022-05-24 08:12:56;2022-05-24 08:12:56;secondary
973;18;Agricultural Economies II (Land Tenure and Land Reform);11;2022-05-24 08:14:00;2022-05-24 08:14:00;secondary
974;18;Soil and Water Conservation;11;2022-05-24 08:14:36;2022-05-24 08:14:36;secondary
975;18;Weeds and Weed Control;11;2022-05-24 08:14:57;2022-05-24 08:14:57;secondary
976;18;Crop Pests and Diseases;11;2022-05-24 08:15:20;2022-05-24 08:15:20;secondary
977;18;Crop Productivity VI;11;2022-05-24 08:16:01;2022-05-24 08:16:01;secondary
978;18;Forage Crops;11;2022-05-24 08:16:29;2022-05-24 08:16:29;secondary
979;18;Livestock Production V (Poultry);12;2022-05-24 08:26:50;2022-05-24 08:26:50;secondary
980;18;Livestock Production VI (Cattle);12;2022-05-24 08:27:51;2022-05-24 08:27:51;secondary
981;18;Farm Power and Machinery;12;2022-05-24 08:28:05;2022-05-24 08:28:05;secondary
982;18;Agricultural Economics III ( Production Economics);12;2022-05-24 08:28:52;2022-05-24 08:28:52;secondary
983;18;Agricultural Economics V (Agricultural Marketing and Organisations );12;2022-05-24 08:30:17;2022-05-24 08:30:17;secondary
984;18;Agroforestry;12;2022-05-24 08:30:41;2022-05-24 08:30:41;secondary
985;18;Livestock Health III: (Diseases);11;2022-07-12 16:02:53;2022-07-12 16:02:53;secondary
986;18;Agricultural Economics V;12;2022-07-13 10:17:11;2022-07-13 10:17:11;secondary
987;19;Action of Rivers;11;2022-07-14 15:13:35;2022-07-14 15:13:35;secondary
988;19;Lakes;11;2022-07-14 15:14:34;2022-07-14 15:14:34;secondary
989;19;"Oceans, Seas and Their Coasts";11;2022-07-14 15:15:43;2022-07-14 15:15:43;secondary
990;19;Action of Wind and Water in Arid Areas;11;2022-07-14 15:18:07;2022-07-14 15:18:07;secondary
991;19;Action of Water in Limestone Limestone Areas (Karst Region);11;2022-07-14 15:24:51;2022-07-14 15:24:51;secondary
992;19;Glaciation;11;2022-07-14 15:53:44;2022-07-14 15:53:44;secondary
993;20;Devolved Government;12;2022-07-19 14:29:17;2022-07-19 14:29:17;secondary
